-- ============================================================
-- SCRIPT 3: TRANSACTIONAL DATA
-- Warehouse Management Practice Database
-- Run against: warehouse_mockup
-- Insert order: purchase_orders -> purchase_order_items ->
--               inbound_shipments -> inventory ->
--               outbound_orders -> outbound_order_items ->
--               stock_movements
-- ============================================================

USE warehouse_mockup;
GO

-- ============================================================
-- PURCHASE ORDERS
-- Dates spread across 2024, Q4 heavier volume
-- Mix of statuses: received, in_transit, pending, cancelled
-- expected_date = order_date + supplier lead_time_days
-- ============================================================
INSERT INTO purchase_orders (id, supplier_id, warehouse_id, order_date, expected_date, status) VALUES
(1,  1,  1, '2024-01-05', '2024-01-10', 'received'),
(2,  2,  2, '2024-01-12', '2024-01-19', 'received'),
(3,  5,  3, '2024-01-20', '2024-02-19', 'received'),
(4,  8,  1, '2024-02-03', '2024-02-07', 'received'),
(5,  3,  2, '2024-02-14', '2024-02-28', 'received'),
(6,  10, 3, '2024-02-22', '2024-02-28', 'received'),
(7,  6,  1, '2024-03-01', '2024-03-11', 'received'),
(8,  13, 2, '2024-03-10', '2024-03-13', 'received'),
(9,  4,  3, '2024-03-15', '2024-04-02', 'received'),
(10, 1,  1, '2024-03-28', '2024-04-02', 'received'),
(11, 2,  2, '2024-04-05', '2024-04-12', 'received'),
(12, 14, 3, '2024-04-11', '2024-04-19', 'received'),
(13, 8,  1, '2024-04-20', '2024-04-24', 'received'),
(14, 10, 2, '2024-05-02', '2024-05-08', 'received'),
(15, 6,  3, '2024-05-10', '2024-05-20', 'received'),
(16, 13, 1, '2024-05-18', '2024-05-21', 'received'),
(17, 3,  2, '2024-06-01', '2024-06-15', 'received'),
(18, 5,  3, '2024-06-08', '2024-07-08', 'received'),
(19, 1,  1, '2024-06-20', '2024-06-25', 'received'),
(20, 2,  2, '2024-07-04', '2024-07-11', 'received'),
(21, 12, 3, '2024-07-10', '2024-08-07', 'received'),
(22, 8,  1, '2024-07-22', '2024-07-26', 'received'),
(23, 14, 2, '2024-08-01', '2024-08-09', 'received'),
(24, 10, 3, '2024-08-14', '2024-08-20', 'received'),
(25, 6,  1, '2024-08-25', '2024-09-04', 'received'),
(26, 13, 2, '2024-09-03', '2024-09-06', 'received'),
(27, 1,  3, '2024-09-12', '2024-09-17', 'received'),
(28, 4,  1, '2024-09-20', '2024-10-08', 'received'),
(29, 2,  2, '2024-10-01', '2024-10-08', 'received'),
(30, 8,  3, '2024-10-05', '2024-10-09', 'received'),
(31, 1,  1, '2024-10-10', '2024-10-15', 'received'),
(32, 10, 2, '2024-10-14', '2024-10-20', 'received'),
(33, 6,  3, '2024-10-18', '2024-10-28', 'received'),
(34, 13, 1, '2024-10-22', '2024-10-25', 'received'),
(35, 2,  2, '2024-10-28', '2024-11-04', 'received'),
(36, 5,  3, '2024-11-01', '2024-12-01', 'received'),
(37, 8,  1, '2024-11-05', '2024-11-09', 'received'),
(38, 14, 2, '2024-11-10', '2024-11-18', 'received'),
(39, 1,  3, '2024-11-15', '2024-11-20', 'received'),
(40, 10, 1, '2024-11-20', '2024-11-26', 'received'),
(41, 13, 2, '2024-11-22', '2024-11-25', 'received'),
(42, 6,  3, '2024-11-25', '2024-12-05', 'received'),
(43, 2,  1, '2024-12-01', '2024-12-08', 'received'),
(44, 8,  2, '2024-12-03', '2024-12-07', 'received'),
(45, 1,  3, '2024-12-05', '2024-12-10', 'received'),
(46, 10, 1, '2024-12-10', '2024-12-16', 'in_transit'),
(47, 3,  2, '2024-12-12', '2024-12-26', 'in_transit'),
(48, 5,  3, '2024-12-14', '2025-01-13', 'in_transit'),
(49, 13, 1, '2024-12-18', '2024-12-21', 'pending'),
(50, 2,  2, '2024-12-20', '2024-12-27', 'pending'),
(51, 6,  3, '2024-12-21', '2024-12-31', 'pending'),
(52, 14, 1, '2024-12-22', '2024-12-30', 'cancelled'),
(53, 8,  2, '2024-05-30', '2024-06-03', 'cancelled');
GO

-- ============================================================
-- PURCHASE ORDER ITEMS
-- Most received = ordered, some partial (quantity_received < ordered)
-- Cancelled orders have quantity_received = 0
-- ============================================================
INSERT INTO purchase_order_items (id, purchase_order_id, product_id, quantity_ordered, quantity_received, unit_cost) VALUES
(1,  1,  1,  20,  20,  280.00),
(2,  1,  3,  50,  50,   72.00),
(3,  2,  11, 10,  10,  360.00),
(4,  2,  14, 15,  15,  120.00),
(5,  3,  5,  100, 100,  40.00),
(6,  3,  7,  200, 200,   8.00),
(7,  4,  4,  150, 150,  32.00),
(8,  4,  6,  200, 200,  12.00),
(9,  5,  16, 30,  30,   80.00),
(10, 5,  18, 20,  20,  104.00),
(11, 6,  26, 500, 500,   2.40),
(12, 6,  28, 100, 100,   8.00),
(13, 7,  21, 80,  80,   24.00),
(14, 7,  22, 120, 120,  12.00),
(15, 8,  31, 40,  40,   28.00),
(16, 8,  33, 30,  30,   20.00),
(17, 9,  12, 8,   8,   480.00),
(18, 9,  15, 12,  12,  160.00),
(19, 10, 2,  25,  25,  160.00),
(20, 10, 8,  30,  30,   64.00),
(21, 11, 36, 20,  20,   40.00),
(22, 11, 37, 100, 100,   6.40),
(23, 12, 9,  40,  40,   48.00),
(24, 12, 10, 60,  60,   36.00),
(25, 13, 4,  200, 200,  32.00),
(26, 13, 49, 150, 150,  16.00),
(27, 14, 17, 50,  50,   48.00),
(28, 14, 19, 40,  40,   36.00),
(29, 15, 23, 100, 100,  16.00),
(30, 15, 25, 150, 150,  10.40),
(31, 16, 32, 25,  25,   40.00),
(32, 16, 34, 60,  60,   15.20),
(33, 17, 13, 10,  10,  240.00),
(34, 17, 45, 20,  20,   48.00),
(35, 18, 5,  80,  80,   40.00),
(36, 18, 41, 60,  60,   28.00),
(37, 19, 3,  40,  40,   72.00),
(38, 19, 42, 50,  50,   16.00),
(39, 20, 29, 80,  80,   12.00),
(40, 20, 30, 100, 100,  16.00),
(41, 21, 1,  15,  15,  280.00),
(42, 21, 12, 6,   6,   480.00),
(43, 22, 4,  150, 150,  32.00),
(44, 22, 6,  200, 180,  12.00),
(45, 23, 27, 80,  80,    4.00),
(46, 23, 46, 60,  60,   18.40),
(47, 24, 17, 40,  40,   48.00),
(48, 24, 20, 50,  50,   40.00),
(49, 25, 22, 100, 100,  12.00),
(50, 25, 44, 80,  80,   20.00),
(51, 26, 35, 60,  60,   13.60),
(52, 26, 47, 80,  80,   11.20),
(53, 27, 8,  25,  25,   64.00),
(54, 27, 9,  30,  30,   48.00),
(55, 28, 11, 8,   8,   360.00),
(56, 28, 14, 12,  10,  120.00),
(57, 29, 3,  50,  50,   72.00),
(58, 29, 43, 40,  40,   32.00),
(59, 30, 26, 400, 400,   2.40),
(60, 30, 28, 80,  80,    8.00),
(61, 31, 1,  10,  10,  280.00),
(62, 31, 2,  20,  20,  160.00),
(63, 32, 16, 25,  25,   80.00),
(64, 32, 18, 15,  15,  104.00),
(65, 33, 21, 60,  60,   24.00),
(66, 33, 24, 30,  30,   72.00),
(67, 34, 31, 30,  30,   28.00),
(68, 34, 33, 25,  25,   20.00),
(69, 35, 5,  60,  60,   40.00),
(70, 35, 7,  150, 150,   8.00),
(71, 36, 12, 5,   5,   480.00),
(72, 36, 13, 8,   8,   240.00),
(73, 37, 4,  100, 100,  32.00),
(74, 37, 49, 100, 100,  16.00),
(75, 38, 36, 15,  15,   40.00),
(76, 38, 40, 25,  25,   18.40),
(77, 39, 2,  20,  20,  160.00),
(78, 39, 10, 40,  40,   36.00),
(79, 40, 26, 300, 300,   2.40),
(80, 40, 29, 60,  60,   12.00),
(81, 41, 32, 20,  20,   40.00),
(82, 41, 34, 50,  50,   15.20),
(83, 42, 22, 80,  80,   12.00),
(84, 42, 23, 60,  60,   16.00),
(85, 43, 3,  30,  30,   72.00),
(86, 43, 42, 40,  40,   16.00),
(87, 44, 4,  100, 100,  32.00),
(88, 44, 6,  150, 150,  12.00),
(89, 45, 8,  20,  20,   64.00),
(90, 45, 9,  25,  25,   48.00),
(91, 46, 1,  12,  0,   280.00),
(92, 46, 2,  15,  0,   160.00),
(93, 47, 11, 6,   0,   360.00),
(94, 47, 15, 10,  0,   160.00),
(95, 48, 5,  50,  0,    40.00),
(96, 48, 7,  100, 0,     8.00),
(97, 49, 26, 200, 0,    2.40),
(98, 49, 28, 50,  0,    8.00),
(99, 50, 16, 20,  0,   80.00),
(100,50, 18, 10,  0,  104.00),
(101,51, 21, 50,  0,   24.00),
(102,51, 22, 80,  0,   12.00),
(103,52, 4,  100, 0,   32.00),
(104,52, 6,  150, 0,   12.00),
(105,53, 1,  5,   0,  280.00),
(106,53, 3,  20,  0,   72.00);
GO

-- ============================================================
-- INBOUND SHIPMENTS
-- Only for received POs (1-45)
-- received_date is after expected_date (realistic)
-- received_by references warehouse workers
-- ============================================================
INSERT INTO inbound_shipments (id, purchase_order_id, received_date, received_by) VALUES
(1,  1,  '2024-01-11', 11),
(2,  2,  '2024-01-20', 16),
(3,  3,  '2024-02-21', 18),
(4,  4,  '2024-02-08', 11),
(5,  5,  '2024-03-01', 16),
(6,  6,  '2024-03-01', 19),
(7,  7,  '2024-03-13', 12),
(8,  8,  '2024-03-14', 17),
(9,  9,  '2024-04-05', 20),
(10, 10, '2024-04-03', 13),
(11, 11, '2024-04-14', 16),
(12, 12, '2024-04-22', 18),
(13, 13, '2024-04-25', 14),
(14, 14, '2024-05-09', 17),
(15, 15, '2024-05-22', 19),
(16, 16, '2024-05-22', 11),
(17, 17, '2024-06-17', 16),
(18, 18, '2024-07-11', 20),
(19, 19, '2024-06-26', 13),
(20, 20, '2024-07-13', 17),
(21, 21, '2024-08-10', 18),
(22, 22, '2024-07-27', 15),
(23, 23, '2024-08-11', 16),
(24, 24, '2024-08-22', 19),
(25, 25, '2024-09-06', 14),
(26, 26, '2024-09-07', 17),
(27, 27, '2024-09-18', 20),
(28, 28, '2024-10-10', 11),
(29, 29, '2024-10-10', 16),
(30, 30, '2024-10-11', 19),
(31, 31, '2024-10-16', 12),
(32, 32, '2024-10-22', 17),
(33, 33, '2024-10-30', 20),
(34, 34, '2024-10-26', 13),
(35, 35, '2024-11-06', 16),
(36, 36, '2024-12-04', 18),
(37, 37, '2024-11-11', 14),
(38, 38, '2024-11-20', 17),
(39, 39, '2024-11-21', 19),
(40, 40, '2024-11-28', 11),
(41, 41, '2024-11-27', 16),
(42, 42, '2024-12-07', 20),
(43, 43, '2024-12-09', 12),
(44, 44, '2024-12-09', 17),
(45, 45, '2024-12-12', 19);
GO

-- ============================================================
-- INVENTORY
-- Quantities reflect received stock minus outbound picks
-- A few products intentionally at zero (out of stock)
-- bin_location_ids reference storage zone bins (11-100)
-- ============================================================
INSERT INTO inventory (id, bin_location_id, product_id, quantity, last_updated) VALUES
(1,  11, 1,  18,  '2024-12-15 09:00:00'),
(2,  12, 2,  32,  '2024-12-15 09:00:00'),
(3,  13, 3,  55,  '2024-12-15 09:00:00'),
(4,  14, 4,  210, '2024-12-15 09:00:00'),
(5,  15, 5,  88,  '2024-12-15 09:00:00'),
(6,  16, 6,  145, '2024-12-15 09:00:00'),
(7,  17, 7,  220, '2024-12-15 09:00:00'),
(8,  18, 8,  42,  '2024-12-15 09:00:00'),
(9,  19, 9,  38,  '2024-12-15 09:00:00'),
(10, 20, 10, 65,  '2024-12-15 09:00:00'),
(11, 21, 11, 12,  '2024-12-15 09:00:00'),
(12, 22, 12, 8,   '2024-12-15 09:00:00'),
(13, 23, 13, 11,  '2024-12-15 09:00:00'),
(14, 24, 14, 18,  '2024-12-15 09:00:00'),
(15, 25, 15, 14,  '2024-12-15 09:00:00'),
(16, 26, 16, 42,  '2024-12-15 09:00:00'),
(17, 27, 17, 68,  '2024-12-15 09:00:00'),
(18, 28, 18, 22,  '2024-12-15 09:00:00'),
(19, 29, 19, 38,  '2024-12-15 09:00:00'),
(20, 30, 20, 45,  '2024-12-15 09:00:00'),
(21, 51, 21, 88,  '2024-12-15 09:00:00'),
(22, 52, 22, 155, '2024-12-15 09:00:00'),
(23, 53, 23, 95,  '2024-12-15 09:00:00'),
(24, 54, 24, 22,  '2024-12-15 09:00:00'),
(25, 55, 25, 140, '2024-12-15 09:00:00'),
(26, 56, 26, 680, '2024-12-15 09:00:00'),
(27, 57, 27, 72,  '2024-12-15 09:00:00'),
(28, 58, 28, 130, '2024-12-15 09:00:00'),
(29, 59, 29, 95,  '2024-12-15 09:00:00'),
(30, 60, 30, 88,  '2024-12-15 09:00:00'),
(31, 61, 31, 48,  '2024-12-15 09:00:00'),
(32, 62, 32, 32,  '2024-12-15 09:00:00'),
(33, 63, 33, 38,  '2024-12-15 09:00:00'),
(34, 64, 34, 72,  '2024-12-15 09:00:00'),
(35, 65, 35, 55,  '2024-12-15 09:00:00'),
(36, 66, 36, 28,  '2024-12-15 09:00:00'),
(37, 67, 37, 88,  '2024-12-15 09:00:00'),
(38, 68, 38, 0,   '2024-12-15 09:00:00'),
(39, 69, 39, 0,   '2024-12-15 09:00:00'),
(40, 70, 40, 22,  '2024-12-15 09:00:00'),
(41, 71, 41, 55,  '2024-12-15 09:00:00'),
(42, 72, 42, 62,  '2024-12-15 09:00:00'),
(43, 73, 43, 38,  '2024-12-15 09:00:00'),
(44, 74, 44, 72,  '2024-12-15 09:00:00'),
(45, 75, 45, 18,  '2024-12-15 09:00:00'),
(46, 76, 46, 48,  '2024-12-15 09:00:00'),
(47, 77, 47, 95,  '2024-12-15 09:00:00'),
(48, 78, 48, 14,  '2024-12-15 09:00:00'),
(49, 79, 49, 165, '2024-12-15 09:00:00'),
(50, 80, 50, 42,  '2024-12-15 09:00:00');
GO

-- ============================================================
-- OUTBOUND ORDERS
-- Dates spread across 2024, Q4 heavier
-- Mix of statuses, some cancelled, shipped_date NULL for non-shipped
-- ============================================================
INSERT INTO outbound_orders (id, customer_name, warehouse_id, order_date, shipped_date, status) VALUES
(1,  'Hartwell Manufacturing',   1, '2024-01-15', '2024-01-17', 'shipped'),
(2,  'Blue Ridge Supplies',      2, '2024-01-18', '2024-01-21', 'shipped'),
(3,  'Crestview Logistics',      3, '2024-01-22', '2024-01-25', 'shipped'),
(4,  'Summit Industrial',        1, '2024-02-05', '2024-02-08', 'shipped'),
(5,  'Oakdale Distributors',     2, '2024-02-10', '2024-02-13', 'shipped'),
(6,  'Pacific Rim Trading',      3, '2024-02-18', '2024-02-22', 'shipped'),
(7,  'Ironwood Partners',        1, '2024-03-03', '2024-03-06', 'shipped'),
(8,  'Delta Fulfillment Co.',    2, '2024-03-12', '2024-03-15', 'shipped'),
(9,  'Cascade Supply Group',     3, '2024-03-20', '2024-03-24', 'shipped'),
(10, 'Hartwell Manufacturing',   1, '2024-04-02', '2024-04-05', 'shipped'),
(11, 'Lakeview Procurement',     2, '2024-04-08', '2024-04-11', 'shipped'),
(12, 'Westport Industries',      3, '2024-04-15', '2024-04-19', 'shipped'),
(13, 'Blue Ridge Supplies',      1, '2024-04-22', '2024-04-26', 'shipped'),
(14, 'Summit Industrial',        2, '2024-05-03', '2024-05-07', 'shipped'),
(15, 'Crestview Logistics',      3, '2024-05-12', '2024-05-16', 'shipped'),
(16, 'Apex Retail Group',        1, '2024-05-20', '2024-05-23', 'shipped'),
(17, 'Ironwood Partners',        2, '2024-06-04', '2024-06-08', 'shipped'),
(18, 'Pacific Rim Trading',      3, '2024-06-11', '2024-06-15', 'shipped'),
(19, 'Hartwell Manufacturing',   1, '2024-06-22', '2024-06-26', 'shipped'),
(20, 'Oakdale Distributors',     2, '2024-07-06', '2024-07-10', 'shipped'),
(21, 'Delta Fulfillment Co.',    3, '2024-07-14', '2024-07-18', 'shipped'),
(22, 'Lakeview Procurement',     1, '2024-07-24', '2024-07-28', 'shipped'),
(23, 'Blue Ridge Supplies',      2, '2024-08-03', '2024-08-07', 'shipped'),
(24, 'Westport Industries',      3, '2024-08-15', '2024-08-19', 'shipped'),
(25, 'Summit Industrial',        1, '2024-08-26', '2024-08-29', 'shipped'),
(26, 'Cascade Supply Group',     2, '2024-09-05', '2024-09-09', 'shipped'),
(27, 'Apex Retail Group',        3, '2024-09-14', '2024-09-18', 'shipped'),
(28, 'Hartwell Manufacturing',   1, '2024-09-23', '2024-09-27', 'shipped'),
(29, 'Pacific Rim Trading',      2, '2024-10-02', '2024-10-06', 'shipped'),
(30, 'Crestview Logistics',      3, '2024-10-08', '2024-10-12', 'shipped'),
(31, 'Ironwood Partners',        1, '2024-10-12', '2024-10-16', 'shipped'),
(32, 'Oakdale Distributors',     2, '2024-10-16', '2024-10-20', 'shipped'),
(33, 'Delta Fulfillment Co.',    3, '2024-10-20', '2024-10-24', 'shipped'),
(34, 'Blue Ridge Supplies',      1, '2024-10-25', '2024-10-29', 'shipped'),
(35, 'Lakeview Procurement',     2, '2024-10-28', '2024-11-01', 'shipped'),
(36, 'Summit Industrial',        3, '2024-11-02', '2024-11-06', 'shipped'),
(37, 'Hartwell Manufacturing',   1, '2024-11-06', '2024-11-10', 'shipped'),
(38, 'Westport Industries',      2, '2024-11-10', '2024-11-14', 'shipped'),
(39, 'Apex Retail Group',        3, '2024-11-14', '2024-11-18', 'shipped'),
(40, 'Cascade Supply Group',     1, '2024-11-18', '2024-11-22', 'shipped'),
(41, 'Pacific Rim Trading',      2, '2024-11-22', '2024-11-26', 'shipped'),
(42, 'Crestview Logistics',      3, '2024-11-25', '2024-11-29', 'shipped'),
(43, 'Ironwood Partners',        1, '2024-12-02', '2024-12-06', 'shipped'),
(44, 'Blue Ridge Supplies',      2, '2024-12-04', '2024-12-08', 'shipped'),
(45, 'Oakdale Distributors',     3, '2024-12-06', '2024-12-10', 'shipped'),
(46, 'Hartwell Manufacturing',   1, '2024-12-10', NULL,         'picking'),
(47, 'Lakeview Procurement',     2, '2024-12-12', NULL,         'packed'),
(48, 'Summit Industrial',        3, '2024-12-14', NULL,         'picking'),
(49, 'Delta Fulfillment Co.',    1, '2024-12-16', NULL,         'pending'),
(50, 'Westport Industries',      2, '2024-12-18', NULL,         'pending'),
(51, 'Apex Retail Group',        3, '2024-12-19', NULL,         'pending'),
(52, 'Pacific Rim Trading',      1, '2024-03-25', NULL,         'cancelled'),
(53, 'Blue Ridge Supplies',      2, '2024-07-30', NULL,         'cancelled');
GO

-- ============================================================
-- OUTBOUND ORDER ITEMS
-- References storage bin_locations (11-100)
-- ============================================================
INSERT INTO outbound_order_items (id, outbound_order_id, product_id, quantity, bin_location_id) VALUES
(1,  1,  3,  5,  13),
(2,  1,  4,  10, 14),
(3,  2,  11, 2,  51),
(4,  2,  22, 8,  52),
(5,  3,  5,  6,  15),
(6,  3,  7,  20, 16),
(7,  4,  1,  2,  11),
(8,  4,  6,  15, 17),
(9,  5,  16, 3,  26),
(10, 5,  17, 5,  27),
(11, 6,  26, 40, 56),
(12, 6,  28, 10, 58),
(13, 7,  21, 8,  21),
(14, 7,  23, 10, 23),
(15, 8,  31, 4,  61),
(16, 8,  33, 3,  63),
(17, 9,  12, 1,  12),
(18, 9,  9,  5,  19),
(19, 10, 2,  4,  12),
(20, 10, 8,  6,  18),
(21, 11, 36, 3,  66),
(22, 11, 37, 12, 67),
(23, 12, 10, 8,  20),
(24, 12, 5,  10, 15),
(25, 13, 4,  20, 14),
(26, 13, 49, 15, 79),
(27, 14, 17, 6,  27),
(28, 14, 19, 5,  29),
(29, 15, 23, 12, 23),
(30, 15, 25, 18, 25),
(31, 16, 32, 3,  62),
(32, 16, 34, 8,  64),
(33, 17, 13, 2,  23),
(34, 17, 45, 3,  75),
(35, 18, 41, 6,  71),
(36, 18, 42, 8,  72),
(37, 19, 3,  5,  13),
(38, 19, 6,  20, 17),
(39, 20, 29, 10, 59),
(40, 20, 30, 12, 60),
(41, 21, 1,  2,  11),
(42, 21, 8,  4,  18),
(43, 22, 4,  15, 14),
(44, 22, 6,  18, 17),
(45, 23, 27, 8,  57),
(46, 23, 46, 6,  76),
(47, 24, 17, 5,  27),
(48, 24, 20, 6,  30),
(49, 25, 22, 10, 52),
(50, 25, 44, 8,  74),
(51, 26, 35, 6,  65),
(52, 26, 47, 10, 77),
(53, 27, 8,  3,  18),
(54, 27, 9,  4,  19),
(55, 28, 11, 1,  21),
(56, 28, 14, 2,  24),
(57, 29, 3,  6,  13),
(58, 29, 43, 4,  73),
(59, 30, 26, 50, 56),
(60, 30, 28, 8,  58),
(61, 31, 1,  1,  11),
(62, 31, 2,  3,  12),
(63, 32, 16, 3,  26),
(64, 32, 18, 2,  28),
(65, 33, 21, 6,  21),
(66, 33, 24, 3,  24),
(67, 34, 31, 4,  61),
(68, 34, 33, 3,  63),
(69, 35, 5,  8,  15),
(70, 35, 7,  15, 16),
(71, 36, 12, 1,  12),
(72, 36, 13, 1,  23),
(73, 37, 4,  12, 14),
(74, 37, 49, 10, 79),
(75, 38, 36, 2,  66),
(76, 38, 40, 3,  70),
(77, 39, 2,  2,  12),
(78, 39, 10, 5,  20),
(79, 40, 26, 30, 56),
(80, 40, 29, 8,  59),
(81, 41, 32, 2,  62),
(82, 41, 34, 6,  64),
(83, 42, 22, 8,  52),
(84, 42, 23, 6,  53),
(85, 43, 3,  4,  13),
(86, 43, 42, 5,  72),
(87, 44, 4,  10, 14),
(88, 44, 6,  15, 17),
(89, 45, 8,  2,  18),
(90, 45, 9,  3,  19),
(91, 46, 1,  2,  11),
(92, 46, 3,  3,  13),
(93, 47, 16, 2,  26),
(94, 47, 17, 4,  27),
(95, 48, 21, 5,  21),
(96, 48, 22, 6,  52),
(97, 49, 26, 20, 56),
(98, 49, 28, 5,  58),
(99, 50, 5,  4,  15),
(100,50, 7,  8,  16),
(101,51, 9,  3,  19),
(102,51, 10, 4,  20),
(103,52, 1,  1,  11),
(104,53, 11, 1,  21);
GO

-- ============================================================
-- STOCK MOVEMENTS
-- Types: receive (inbound), pick (outbound), transfer, adjustment
-- from_bin_id NULL for receives, to_bin_id NULL for picks
-- moved_by references warehouse workers
-- ============================================================
INSERT INTO stock_movements (id, product_id, from_bin_id, to_bin_id, quantity, movement_type, moved_at, moved_by) VALUES
(1,  1,  NULL, 11, 20,  'receive',    '2024-01-11 10:00:00', 11),
(2,  3,  NULL, 13, 50,  'receive',    '2024-01-11 10:30:00', 11),
(3,  11, NULL, 21, 10,  'receive',    '2024-01-20 09:00:00', 16),
(4,  14, NULL, 24, 15,  'receive',    '2024-01-20 09:30:00', 16),
(5,  5,  NULL, 15, 100, 'receive',    '2024-02-21 11:00:00', 18),
(6,  7,  NULL, 16, 200, 'receive',    '2024-02-21 11:30:00', 18),
(7,  4,  NULL, 14, 150, 'receive',    '2024-02-08 10:00:00', 11),
(8,  6,  NULL, 17, 200, 'receive',    '2024-02-08 10:30:00', 11),
(9,  16, NULL, 26, 30,  'receive',    '2024-03-01 09:00:00', 16),
(10, 18, NULL, 28, 20,  'receive',    '2024-03-01 09:30:00', 16),
(11, 26, NULL, 56, 500, 'receive',    '2024-03-01 10:00:00', 19),
(12, 28, NULL, 58, 100, 'receive',    '2024-03-01 10:30:00', 19),
(13, 21, NULL, 21, 80,  'receive',    '2024-03-13 09:00:00', 12),
(14, 22, NULL, 52, 120, 'receive',    '2024-03-13 09:30:00', 12),
(15, 31, NULL, 61, 40,  'receive',    '2024-03-14 10:00:00', 17),
(16, 33, NULL, 63, 30,  'receive',    '2024-03-14 10:30:00', 17),
(17, 12, NULL, 12, 8,   'receive',    '2024-04-05 09:00:00', 20),
(18, 15, NULL, 25, 12,  'receive',    '2024-04-05 09:30:00', 20),
(19, 2,  NULL, 12, 25,  'receive',    '2024-04-03 10:00:00', 13),
(20, 8,  NULL, 18, 30,  'receive',    '2024-04-03 10:30:00', 13),
(21, 3,  13,  NULL, 5,  'pick',       '2024-01-17 14:00:00', 11),
(22, 4,  14,  NULL, 10, 'pick',       '2024-01-17 14:30:00', 11),
(23, 11, 21,  NULL, 2,  'pick',       '2024-01-21 13:00:00', 16),
(24, 22, 52,  NULL, 8,  'pick',       '2024-01-21 13:30:00', 16),
(25, 5,  15,  NULL, 6,  'pick',       '2024-01-25 15:00:00', 18),
(26, 7,  16,  NULL, 20, 'pick',       '2024-01-25 15:30:00', 18),
(27, 1,  11,  NULL, 2,  'pick',       '2024-02-08 14:00:00', 11),
(28, 6,  17,  NULL, 15, 'pick',       '2024-02-08 14:30:00', 11),
(29, 16, 26,  NULL, 3,  'pick',       '2024-02-13 13:00:00', 16),
(30, 17, 27,  NULL, 5,  'pick',       '2024-02-13 13:30:00', 16),
(31, 26, 56,  NULL, 40, 'pick',       '2024-02-22 15:00:00', 19),
(32, 28, 58,  NULL, 10, 'pick',       '2024-02-22 15:30:00', 19),
(33, 21, 21,  NULL, 8,  'pick',       '2024-03-06 14:00:00', 12),
(34, 23, 23,  NULL, 10, 'pick',       '2024-03-06 14:30:00', 12),
(35, 31, 61,  NULL, 4,  'pick',       '2024-03-15 13:00:00', 17),
(36, 33, 63,  NULL, 3,  'pick',       '2024-03-15 13:30:00', 17),
(37, 12, 12,  NULL, 1,  'pick',       '2024-03-24 15:00:00', 20),
(38, 9,  19,  NULL, 5,  'pick',       '2024-03-24 15:30:00', 20),
(39, 5,  15,  16,  25, 'transfer',   '2024-04-10 10:00:00', 18),
(40, 26, 56,  57,  100,'transfer',   '2024-05-15 11:00:00', 19),
(41, 4,  14,  NULL, 20, 'pick',       '2024-04-26 14:00:00', 11),
(42, 49, 79,  NULL, 15, 'pick',       '2024-04-26 14:30:00', 11),
(43, 17, 27,  NULL, 6,  'pick',       '2024-05-07 13:00:00', 17),
(44, 19, 29,  NULL, 5,  'pick',       '2024-05-07 13:30:00', 17),
(45, 23, 23,  NULL, 12, 'pick',       '2024-05-16 14:00:00', 18),
(46, 25, 25,  NULL, 18, 'pick',       '2024-05-16 14:30:00', 18),
(47, 32, 62,  NULL, 3,  'pick',       '2024-05-23 13:00:00', 19),
(48, 34, 64,  NULL, 8,  'pick',       '2024-05-23 13:30:00', 19),
(49, 36, 66,  NULL, 3,  'pick',       '2024-04-11 14:00:00', 16),
(50, 37, 67,  NULL, 12, 'pick',       '2024-04-11 14:30:00', 16),
(51, 38, 38,  NULL, 5,  'adjustment', '2024-06-01 09:00:00', 12),
(52, 39, 39,  NULL, 3,  'adjustment', '2024-06-01 09:30:00', 12),
(53, 9,  NULL, 19, 40,  'receive',    '2024-04-22 10:00:00', 18),
(54, 10, NULL, 20, 60,  'receive',    '2024-04-22 10:30:00', 18),
(55, 36, NULL, 66, 20,  'receive',    '2024-04-14 09:00:00', 16),
(56, 37, NULL, 67, 100, 'receive',    '2024-04-14 09:30:00', 16),
(57, 4,  NULL, 14, 200, 'receive',    '2024-04-25 10:00:00', 14),
(58, 49, NULL, 79, 150, 'receive',    '2024-04-25 10:30:00', 14),
(59, 29, NULL, 59, 80,  'receive',    '2024-07-13 09:00:00', 17),
(60, 30, NULL, 60, 100, 'receive',    '2024-07-13 09:30:00', 17),
(61, 1,  NULL, 11, 15,  'receive',    '2024-08-10 10:00:00', 18),
(62, 12, NULL, 12, 6,   'receive',    '2024-08-10 10:30:00', 18),
(63, 4,  NULL, 14, 150, 'receive',    '2024-07-27 09:00:00', 15),
(64, 6,  NULL, 17, 200, 'receive',    '2024-07-27 09:30:00', 15),
(65, 27, NULL, 57, 80,  'receive',    '2024-08-11 10:00:00', 16),
(66, 46, NULL, 76, 60,  'receive',    '2024-08-11 10:30:00', 16),
(67, 22, NULL, 52, 100, 'receive',    '2024-09-06 09:00:00', 14),
(68, 44, NULL, 74, 80,  'receive',    '2024-09-06 09:30:00', 14),
(69, 35, NULL, 65, 60,  'receive',    '2024-09-07 10:00:00', 17),
(70, 47, NULL, 77, 80,  'receive',    '2024-09-07 10:30:00', 17),
(71, 26, NULL, 56, 400, 'receive',    '2024-10-11 09:00:00', 19),
(72, 28, NULL, 58, 80,  'receive',    '2024-10-11 09:30:00', 19),
(73, 1,  NULL, 11, 10,  'receive',    '2024-10-16 10:00:00', 12),
(74, 2,  NULL, 12, 20,  'receive',    '2024-10-16 10:30:00', 12),
(75, 16, NULL, 26, 25,  'receive',    '2024-10-22 09:00:00', 17),
(76, 18, NULL, 28, 15,  'receive',    '2024-10-22 09:30:00', 17),
(77, 21, NULL, 21, 60,  'receive',    '2024-10-30 10:00:00', 20),
(78, 24, NULL, 24, 30,  'receive',    '2024-10-30 10:30:00', 20),
(79, 31, NULL, 61, 30,  'receive',    '2024-10-26 09:00:00', 13),
(80, 33, NULL, 63, 25,  'receive',    '2024-10-26 09:30:00', 13),
(81, 3,  NULL, 13, 50,  'receive',    '2024-12-09 10:00:00', 12),
(82, 42, NULL, 72, 40,  'receive',    '2024-12-09 10:30:00', 12),
(83, 4,  NULL, 14, 100, 'receive',    '2024-12-09 09:00:00', 17),
(84, 6,  NULL, 17, 150, 'receive',    '2024-12-09 09:30:00', 17),
(85, 8,  NULL, 18, 20,  'receive',    '2024-12-12 10:00:00', 19),
(86, 9,  NULL, 19, 25,  'receive',    '2024-12-12 10:30:00', 19),
(87, 13, 23,  NULL, 2,  'pick',       '2024-06-08 14:00:00', 20),
(88, 45, 75,  NULL, 3,  'pick',       '2024-06-08 14:30:00', 20),
(89, 41, 71,  NULL, 6,  'pick',       '2024-06-15 13:00:00', 18),
(90, 42, 72,  NULL, 8,  'pick',       '2024-06-15 13:30:00', 18),
(91, 3,  13,  NULL, 5,  'pick',       '2024-06-26 14:00:00', 11),
(92, 6,  17,  NULL, 20, 'pick',       '2024-06-26 14:30:00', 11),
(93, 17, 27,  NULL, 6,  'pick',       '2024-12-06 13:00:00', 14),
(94, 19, 29,  NULL, 5,  'pick',       '2024-12-06 13:30:00', 14),
(95, 21, 21,  NULL, 6,  'pick',       '2024-11-06 14:00:00', 12),
(96, 22, 52,  NULL, 8,  'pick',       '2024-11-06 14:30:00', 12),
(97, 22, 52,  NULL, 10, 'pick',       '2024-11-29 13:00:00', 20),
(98, 23, 53,  NULL, 6,  'pick',       '2024-11-29 13:30:00', 20),
(99, 32, 62,  NULL, 2,  'pick',       '2024-11-26 14:00:00', 19),
(100,34, 64,  NULL, 6,  'pick',       '2024-11-26 14:30:00', 19);
GO
